id;adress;email;firstname;lastname;logo
1;Liechtenstein Buckinghamshire monetize;Sonia.Bradtke@gmail.com;Interactions;Fantastic time-frame Quality;Borders Borders Practical
2;methodical;Kay75@gmail.com;neural back-end Unbranded;Associate Designer;mindshare
3;Guam bandwidth Liaison;Noemy_Smith@hotmail.com;bypassing;Algerian Dinar Fantastic Fresh Salad;Steel Avon Visionary
4;exploit transition;Dashawn_West59@hotmail.com;dynamic bandwidth Buckinghamshire;Oklahoma communities;array supply-chains Advanced
5;Parkway Handmade Wooden Cheese;Rene_OConnell68@gmail.com;Versatile seize;asymmetric EXE;web services
6;Industrial Designer Incredible Fresh Car;Thurman.Zemlak25@yahoo.com;Yemeni Rial Sleek;Savings Account;heuristic Orchestrator Naira
7;Legacy Unbranded Plastic Chips;Anastasia.Towne@hotmail.com;Money Market Account;Mouse;Junctions one-to-one
8;analyzing holistic;Woodrow.Klein53@gmail.com;groupware;Credit Card Account clear-thinking Frozen;parsing
9;models New Mexico District;Torey_Terry4@gmail.com;Grocery;transmit Ways;Shirt Credit Card Account disintermediate
10;transmitting Tennessee Practical Steel Shirt;Dorian7@gmail.com;New Taiwan Dollar Zimbabwe parse;Monaco input Accounts;enhance Multi-channelled purple
