id;accesslevel;cin;email;firstname;lastname;login;password
1;37454;79654;Christelle_Renner59@hotmail.com;Dam;Practical Fresh Pants;Metal deposit;Producer
2;83244;93855;Abagail.Deckow61@gmail.com;Home Loan Account;web-readiness;Namibia;Steel zero administration
3;36636;23277;Aubree.Schaden@yahoo.com;Cambridgeshire Mississippi;HDD;Table Small Frozen Sausages Planner;envisioneer Music Public-key
4;24102;44015;Bonita_Monahan@hotmail.com;Salad;Digitized invoice;convergence;Mayotte
5;18485;3131;Ronny_Ryan@hotmail.com;Chief Credit Card Account;archive Georgia Aruba;software scale interactive;Louisiana Specialist Home Loan Account
6;27599;14092;Princess1@gmail.com;deliverables reinvent 24 hour;overriding;monitor 1080p Checking Account;world-class Frozen IB
7;62329;44945;Austen.Bergnaum@gmail.com;moratorium pixel withdrawal;Mississippi embrace Developer;synthesize Idaho compress;Sleek Metal Table Small
8;43933;10789;Alexandrea.Tremblay@gmail.com;Montana;Corporate Phased relationships;white Brand Money Market Account;Salad Web virtual
9;63340;10549;Jacky18@hotmail.com;Human Ghana;Fresh granular Direct;Profit-focused;Jewelery cutting-edge
10;30478;695;Johnathon.Lesch@gmail.com;Bahamian Dollar;24/7;Gloves sky blue Oklahoma;robust Engineer
